-- phpMyAdmin SQL Dump
-- version 5.0.4
-- https://www.phpmyadmin.net/
--
-- Host: 127.0.0.1
-- Generation Time: Jan 08, 2024 at 05:30 PM
-- Server version: 10.4.16-MariaDB
-- PHP Version: 7.4.12

SET SQL_MODE = "NO_AUTO_VALUE_ON_ZERO";
START TRANSACTION;
SET time_zone = "+00:00";


/*!40101 SET @OLD_CHARACTER_SET_CLIENT=@@CHARACTER_SET_CLIENT */;
/*!40101 SET @OLD_CHARACTER_SET_RESULTS=@@CHARACTER_SET_RESULTS */;
/*!40101 SET @OLD_COLLATION_CONNECTION=@@COLLATION_CONNECTION */;
/*!40101 SET NAMES utf8mb4 */;

--
-- Database: `bengkel`
--

-- --------------------------------------------------------

--
-- Table structure for table `ci_sessions`
--

CREATE TABLE `ci_sessions` (
  `id` varchar(128) NOT NULL,
  `ip_address` varchar(45) NOT NULL,
  `timestamp` int(10) UNSIGNED NOT NULL DEFAULT 0,
  `data` blob NOT NULL
) ENGINE=InnoDB DEFAULT CHARSET=utf8mb4;

--
-- Dumping data for table `ci_sessions`
--

INSERT INTO `ci_sessions` (`id`, `ip_address`, `timestamp`, `data`) VALUES
('c7fr6rvo8t4qrji6cp306lnrg807ccq8', '::1', 1704724097, 0x5f5f63695f6c6173745f726567656e65726174657c693a313730343732343039373b7265646972656374696f6e7c4e3b636172745f636f6e74656e74737c613a333a7b733a31303a22636172745f746f74616c223b643a363635303030303b733a31313a22746f74616c5f6974656d73223b643a373b733a33323a226337346439376230316561653235376534346161396435626164653937626166223b613a363a7b733a323a226964223b733a323a223136223b733a333a22717479223b643a373b733a353a227072696365223b643a3935303030303b733a343a226e616d65223b733a31343a224d61737465722052656d20524342223b733a353a22726f776964223b733a33323a226337346439376230316561653235376534346161396435626164653937626166223b733a383a22737562746f74616c223b643a363635303030303b7d7d5f5f4143544956455f53455353494f4e5f444154417c733a3235363a2237623563343266343930306333316137623938353932356138393332303432336362653463333562653963343436303134353034623963616362643064616538363833393734376536313339353835343061323138653466383730323435323662663431633662383039666239353135333136316236333064663038623433382b506677484f6379575a6f57594c39574c7670716876596e46746247425a6f6a76344f2f583873546c647739674236572b506276327a334978514c2f48454e514c6278494b4d706b4172755a4e61596b73725356426d6d7848484f684a4f684a4d37694a3148724d7439504f774d356f50647946323171384b356a4b2b746c58223b),
('5oj3ujvlnhhfva288fu0tc6361rm27f1', '::1', 1704723969, 0x5f5f63695f6c6173745f726567656e65726174657c693a313730343732333936393b7265646972656374696f6e7c4e3b5f5f4143544956455f53455353494f4e5f444154417c733a3235363a226232346130346439663936333237313434376538373736303162363231303233353639356466336534663739656564633632346364303562326635356630663636343238396530323562326235373032613865303938623535306633323861653433653864663336346565343466366662383635643535323663396462626430776f51313379325443326635516439336f3268335646474a6838326c2f2f37356543394b4867486f3265486c5a466d79614e727a612f512f566d70794f643345464976796261697a7830483164565177397632624e646f3474305538306d6466787175782b41442f427a30574a7244505a6c6b655a753145613133642b52327a223b),
('ahka3v32q0sl6cm5v0mfofkfptdltcdi', '::1', 1704724518, 0x5f5f63695f6c6173745f726567656e65726174657c693a313730343732343531383b7265646972656374696f6e7c4e3b5f5f4143544956455f53455353494f4e5f444154417c733a3235363a226232346130346439663936333237313434376538373736303162363231303233353639356466336534663739656564633632346364303562326635356630663636343238396530323562326235373032613865303938623535306633323861653433653864663336346565343466366662383635643535323663396462626430776f51313379325443326635516439336f3268335646474a6838326c2f2f37356543394b4867486f3265486c5a466d79614e727a612f512f566d70794f643345464976796261697a7830483164565177397632624e646f3474305538306d6466787175782b41442f427a30574a7244505a6c6b655a753145613133642b52327a223b),
('5tvoarfds7lutq855cg6501heif83rab', '::1', 1704724488, 0x5f5f63695f6c6173745f726567656e65726174657c693a313730343732343438383b7265646972656374696f6e7c4e3b636172745f636f6e74656e74737c613a333a7b733a31303a22636172745f746f74616c223b643a363635303030303b733a31313a22746f74616c5f6974656d73223b643a373b733a33323a226337346439376230316561653235376534346161396435626164653937626166223b613a363a7b733a323a226964223b733a323a223136223b733a333a22717479223b643a373b733a353a227072696365223b643a3935303030303b733a343a226e616d65223b733a31343a224d61737465722052656d20524342223b733a353a22726f776964223b733a33323a226337346439376230316561653235376534346161396435626164653937626166223b733a383a22737562746f74616c223b643a363635303030303b7d7d5f5f4143544956455f53455353494f4e5f444154417c733a3235363a2237623563343266343930306333316137623938353932356138393332303432336362653463333562653963343436303134353034623963616362643064616538363833393734376536313339353835343061323138653466383730323435323662663431633662383039666239353135333136316236333064663038623433382b506677484f6379575a6f57594c39574c7670716876596e46746247425a6f6a76344f2f583873546c647739674236572b506276327a334978514c2f48454e514c6278494b4d706b4172755a4e61596b73725356426d6d7848484f684a4f684a4d37694a3148724d7439504f774d356f50647946323171384b356a4b2b746c58223b),
('dcmh2qrru55tdjm62bhufh1ee7aher7s', '::1', 1704725022, 0x5f5f63695f6c6173745f726567656e65726174657c693a313730343732353032323b7265646972656374696f6e7c4e3b636172745f636f6e74656e74737c613a333a7b733a31303a22636172745f746f74616c223b643a363635303030303b733a31313a22746f74616c5f6974656d73223b643a373b733a33323a226337346439376230316561653235376534346161396435626164653937626166223b613a363a7b733a323a226964223b733a323a223136223b733a333a22717479223b643a373b733a353a227072696365223b643a3935303030303b733a343a226e616d65223b733a31343a224d61737465722052656d20524342223b733a353a22726f776964223b733a33323a226337346439376230316561653235376534346161396435626164653937626166223b733a383a22737562746f74616c223b643a363635303030303b7d7d5f5f4143544956455f53455353494f4e5f444154417c733a3235363a2237623563343266343930306333316137623938353932356138393332303432336362653463333562653963343436303134353034623963616362643064616538363833393734376536313339353835343061323138653466383730323435323662663431633662383039666239353135333136316236333064663038623433382b506677484f6379575a6f57594c39574c7670716876596e46746247425a6f6a76344f2f583873546c647739674236572b506276327a334978514c2f48454e514c6278494b4d706b4172755a4e61596b73725356426d6d7848484f684a4f684a4d37694a3148724d7439504f774d356f50647946323171384b356a4b2b746c58223b),
('39gpu8cr0cjr5kqk5lkl2um0s9agmhlm', '::1', 1704725277, 0x5f5f63695f6c6173745f726567656e65726174657c693a313730343732353237373b7265646972656374696f6e7c4e3b5f5f4143544956455f53455353494f4e5f444154417c733a3235363a226232346130346439663936333237313434376538373736303162363231303233353639356466336534663739656564633632346364303562326635356630663636343238396530323562326235373032613865303938623535306633323861653433653864663336346565343466366662383635643535323663396462626430776f51313379325443326635516439336f3268335646474a6838326c2f2f37356543394b4867486f3265486c5a466d79614e727a612f512f566d70794f643345464976796261697a7830483164565177397632624e646f3474305538306d6466787175782b41442f427a30574a7244505a6c6b655a753145613133642b52327a223b),
('a4jss3hvunun9tg226gh5dbe06ca3nke', '::1', 1704725421, 0x5f5f63695f6c6173745f726567656e65726174657c693a313730343732353432313b7265646972656374696f6e7c4e3b636172745f636f6e74656e74737c613a333a7b733a31303a22636172745f746f74616c223b643a363635303030303b733a31313a22746f74616c5f6974656d73223b643a373b733a33323a226337346439376230316561653235376534346161396435626164653937626166223b613a363a7b733a323a226964223b733a323a223136223b733a333a22717479223b643a373b733a353a227072696365223b643a3935303030303b733a343a226e616d65223b733a31343a224d61737465722052656d20524342223b733a353a22726f776964223b733a33323a226337346439376230316561653235376534346161396435626164653937626166223b733a383a22737562746f74616c223b643a363635303030303b7d7d5f5f4143544956455f53455353494f4e5f444154417c733a3235363a2237623563343266343930306333316137623938353932356138393332303432336362653463333562653963343436303134353034623963616362643064616538363833393734376536313339353835343061323138653466383730323435323662663431633662383039666239353135333136316236333064663038623433382b506677484f6379575a6f57594c39574c7670716876596e46746247425a6f6a76344f2f583873546c647739674236572b506276327a334978514c2f48454e514c6278494b4d706b4172755a4e61596b73725356426d6d7848484f684a4f684a4d37694a3148724d7439504f774d356f50647946323171384b356a4b2b746c58223b),
('neli2ptr551kn3eaeo5js3sgtq3dnr7q', '::1', 1704725581, 0x5f5f63695f6c6173745f726567656e65726174657c693a313730343732353538313b7265646972656374696f6e7c4e3b5f5f4143544956455f53455353494f4e5f444154417c733a3235363a226232346130346439663936333237313434376538373736303162363231303233353639356466336534663739656564633632346364303562326635356630663636343238396530323562326235373032613865303938623535306633323861653433653864663336346565343466366662383635643535323663396462626430776f51313379325443326635516439336f3268335646474a6838326c2f2f37356543394b4867486f3265486c5a466d79614e727a612f512f566d70794f643345464976796261697a7830483164565177397632624e646f3474305538306d6466787175782b41442f427a30574a7244505a6c6b655a753145613133642b52327a223b),
('8d0dcm34oc7gfq2ppu6kngdht6mqmhh4', '::1', 1704725799, 0x5f5f63695f6c6173745f726567656e65726174657c693a313730343732353739393b7265646972656374696f6e7c4e3b636172745f636f6e74656e74737c613a333a7b733a31303a22636172745f746f74616c223b643a363635303030303b733a31313a22746f74616c5f6974656d73223b643a373b733a33323a226337346439376230316561653235376534346161396435626164653937626166223b613a363a7b733a323a226964223b733a323a223136223b733a333a22717479223b643a373b733a353a227072696365223b643a3935303030303b733a343a226e616d65223b733a31343a224d61737465722052656d20524342223b733a353a22726f776964223b733a33323a226337346439376230316561653235376534346161396435626164653937626166223b733a383a22737562746f74616c223b643a363635303030303b7d7d5f5f4143544956455f53455353494f4e5f444154417c733a3235363a2237623563343266343930306333316137623938353932356138393332303432336362653463333562653963343436303134353034623963616362643064616538363833393734376536313339353835343061323138653466383730323435323662663431633662383039666239353135333136316236333064663038623433382b506677484f6379575a6f57594c39574c7670716876596e46746247425a6f6a76344f2f583873546c647739674236572b506276327a334978514c2f48454e514c6278494b4d706b4172755a4e61596b73725356426d6d7848484f684a4f684a4d37694a3148724d7439504f774d356f50647946323171384b356a4b2b746c58223b),
('6as1bq4rjdgskauel5nge9k5la8ofql1', '::1', 1704725890, 0x5f5f63695f6c6173745f726567656e65726174657c693a313730343732353839303b7265646972656374696f6e7c4e3b5f5f4143544956455f53455353494f4e5f444154417c733a3235363a226232346130346439663936333237313434376538373736303162363231303233353639356466336534663739656564633632346364303562326635356630663636343238396530323562326235373032613865303938623535306633323861653433653864663336346565343466366662383635643535323663396462626430776f51313379325443326635516439336f3268335646474a6838326c2f2f37356543394b4867486f3265486c5a466d79614e727a612f512f566d70794f643345464976796261697a7830483164565177397632624e646f3474305538306d6466787175782b41442f427a30574a7244505a6c6b655a753145613133642b52327a223b),
('pn2nqovoggdp6ql6uspv2vvmd6b2u2lt', '::1', 1704726539, 0x5f5f63695f6c6173745f726567656e65726174657c693a313730343732363533393b7265646972656374696f6e7c4e3b636172745f636f6e74656e74737c613a333a7b733a31303a22636172745f746f74616c223b643a363635303030303b733a31313a22746f74616c5f6974656d73223b643a373b733a33323a226337346439376230316561653235376534346161396435626164653937626166223b613a363a7b733a323a226964223b733a323a223136223b733a333a22717479223b643a373b733a353a227072696365223b643a3935303030303b733a343a226e616d65223b733a31343a224d61737465722052656d20524342223b733a353a22726f776964223b733a33323a226337346439376230316561653235376534346161396435626164653937626166223b733a383a22737562746f74616c223b643a363635303030303b7d7d5f5f4143544956455f53455353494f4e5f444154417c733a3235363a2237623563343266343930306333316137623938353932356138393332303432336362653463333562653963343436303134353034623963616362643064616538363833393734376536313339353835343061323138653466383730323435323662663431633662383039666239353135333136316236333064663038623433382b506677484f6379575a6f57594c39574c7670716876596e46746247425a6f6a76344f2f583873546c647739674236572b506276327a334978514c2f48454e514c6278494b4d706b4172755a4e61596b73725356426d6d7848484f684a4f684a4d37694a3148724d7439504f774d356f50647946323171384b356a4b2b746c58223b),
('bvfuk0na56oe2jf8cebpkrfmbh8g79bv', '::1', 1704726191, 0x5f5f63695f6c6173745f726567656e65726174657c693a313730343732363139313b7265646972656374696f6e7c4e3b5f5f4143544956455f53455353494f4e5f444154417c733a3235363a226232346130346439663936333237313434376538373736303162363231303233353639356466336534663739656564633632346364303562326635356630663636343238396530323562326235373032613865303938623535306633323861653433653864663336346565343466366662383635643535323663396462626430776f51313379325443326635516439336f3268335646474a6838326c2f2f37356543394b4867486f3265486c5a466d79614e727a612f512f566d70794f643345464976796261697a7830483164565177397632624e646f3474305538306d6466787175782b41442f427a30574a7244505a6c6b655a753145613133642b52327a223b),
('7549nvl0crafqifn5ncrabmirflafk8m', '::1', 1704730270, 0x5f5f63695f6c6173745f726567656e65726174657c693a313730343733303237303b7265646972656374696f6e7c4e3b5f5f4143544956455f53455353494f4e5f444154417c733a3235363a226232346130346439663936333237313434376538373736303162363231303233353639356466336534663739656564633632346364303562326635356630663636343238396530323562326235373032613865303938623535306633323861653433653864663336346565343466366662383635643535323663396462626430776f51313379325443326635516439336f3268335646474a6838326c2f2f37356543394b4867486f3265486c5a466d79614e727a612f512f566d70794f643345464976796261697a7830483164565177397632624e646f3474305538306d6466787175782b41442f427a30574a7244505a6c6b655a753145613133642b52327a223b),
('v73acdcv8p805b7qq981b0an87p6r2jh', '::1', 1704729997, 0x5f5f63695f6c6173745f726567656e65726174657c693a313730343732393939373b7265646972656374696f6e7c4e3b5f5f4143544956455f53455353494f4e5f444154417c733a3235363a2237623563343266343930306333316137623938353932356138393332303432336362653463333562653963343436303134353034623963616362643064616538363833393734376536313339353835343061323138653466383730323435323662663431633662383039666239353135333136316236333064663038623433382b506677484f6379575a6f57594c39574c7670716876596e46746247425a6f6a76344f2f583873546c647739674236572b506276327a334978514c2f48454e514c6278494b4d706b4172755a4e61596b73725356426d6d7848484f684a4f684a4d37694a3148724d7439504f774d356f50647946323171384b356a4b2b746c58223b),
('0kdd1nbu2cren1h6asp0ph8i64ajg696', '::1', 1704731179, 0x5f5f63695f6c6173745f726567656e65726174657c693a313730343733313137393b7265646972656374696f6e7c4e3b6c6f67696e5f666c6173687c733a31363a22426572686173696c206c6f676f757421223b5f5f63695f766172737c613a313a7b733a31313a226c6f67696e5f666c617368223b733a333a226f6c64223b7d),
('fsfjdeidij851m9hu3scsc8t7cabfd6p', '::1', 1704731082, 0x5f5f63695f6c6173745f726567656e65726174657c693a313730343733313038323b7265646972656374696f6e7c4e3b),
('djqd8eunqepk7h09kmptfaqqstcq2oin', '::1', 1704731166, 0x5f5f63695f6c6173745f726567656e65726174657c693a313730343733313038323b7265646972656374696f6e7c4e3b5f5f4143544956455f53455353494f4e5f444154417c733a3235363a2264323133316362326366356534623639666438643830306261316134363337666262306162316132363635393063373036323130363331393038326138316266303761333265343134363434316531633933363766306636613937363831633863666463313261313664356533396636646339386434383361633865326165656f5066514a74784a51373048314534374b5442746e4871762b6d73592b705633336f7042566b48324e7144353278533646527845563251724b72514a3830715538397245627553392f355536556d6759693958612b57676852345173762f54504d7a65743346526a46437358756e4178534f314653345166774f555976643254223b),
('fppjev1vu3755djet0qe2fn8hj6l9e43', '::1', 1704731192, 0x5f5f63695f6c6173745f726567656e65726174657c693a313730343733313137393b7265646972656374696f6e7c4e3b5f5f4143544956455f53455353494f4e5f444154417c733a3235363a2236636134346431633063383130313564333364386262613439663066656666353363623631616137646461653932316335656366346230646435636665653834336235363865313466643436356238633233323466336234396138363232666536323163653066643436313838643537326439633430656464386465343961637563424e374d424639536b5073686a545568534d53767561504f796c634c74556e78644f6b427a44567673436d47527664685750304566524a436b33716e6a2f636f33504a364339737439467a6b64766b6f5635483863737245533646465365667a7767516959513139795576362b367232664d314c5372653235744c352b59223b);

-- --------------------------------------------------------

--
-- Table structure for table `contacts`
--

CREATE TABLE `contacts` (
  `id` int(10) NOT NULL,
  `parent_id` int(10) DEFAULT NULL,
  `name` varchar(32) NOT NULL,
  `subject` varchar(128) DEFAULT NULL,
  `email` varchar(64) NOT NULL,
  `message` mediumtext NOT NULL,
  `contact_date` datetime DEFAULT NULL,
  `status` tinyint(1) DEFAULT 1,
  `reply_at` datetime DEFAULT NULL
) ENGINE=InnoDB DEFAULT CHARSET=utf8mb4;

-- --------------------------------------------------------

--
-- Table structure for table `coupons`
--

CREATE TABLE `coupons` (
  `id` bigint(20) NOT NULL,
  `name` varchar(191) NOT NULL,
  `code` varchar(32) NOT NULL,
  `credit` decimal(8,2) NOT NULL,
  `start_date` date NOT NULL,
  `expired_date` date NOT NULL,
  `is_active` tinyint(4) DEFAULT 1
) ENGINE=InnoDB DEFAULT CHARSET=utf8mb4;

-- --------------------------------------------------------

--
-- Table structure for table `customers`
--

CREATE TABLE `customers` (
  `id` bigint(20) NOT NULL,
  `user_id` bigint(20) UNSIGNED DEFAULT NULL,
  `name` varchar(191) NOT NULL,
  `phone_number` varchar(32) DEFAULT NULL,
  `address` varchar(191) NOT NULL,
  `profile_picture` varchar(191) DEFAULT NULL
) ENGINE=InnoDB DEFAULT CHARSET=utf8mb4;

--
-- Dumping data for table `customers`
--

INSERT INTO `customers` (`id`, `user_id`, `name`, `phone_number`, `address`, `profile_picture`) VALUES
(11, 12, 'FAJARI', '086678393', 'ASPARAGAS', NULL),
(12, 13, 'fajari', '089514018088', 'rumbai', NULL);

-- --------------------------------------------------------

--
-- Table structure for table `orders`
--

CREATE TABLE `orders` (
  `id` bigint(20) NOT NULL,
  `user_id` bigint(20) UNSIGNED DEFAULT NULL,
  `coupon_id` bigint(20) DEFAULT NULL,
  `order_number` varchar(16) NOT NULL,
  `order_status` enum('1','2','3','4','5') DEFAULT '1',
  `order_date` datetime NOT NULL,
  `total_price` decimal(8,2) DEFAULT NULL,
  `total_items` int(10) DEFAULT NULL,
  `payment_method` int(11) DEFAULT 1,
  `delivery_data` text DEFAULT NULL,
  `delivered_date` datetime DEFAULT NULL,
  `finish_date` datetime DEFAULT NULL
) ENGINE=InnoDB DEFAULT CHARSET=utf8mb4;

--
-- Dumping data for table `orders`
--

INSERT INTO `orders` (`id`, `user_id`, `coupon_id`, `order_number`, `order_status`, `order_date`, `total_price`, `total_items`, `payment_method`, `delivery_data`, `delivered_date`, `finish_date`) VALUES
(24, 12, NULL, 'CIV8124112053', '3', '2024-01-08 21:48:43', '750000.00', 1, 2, '{\"customer\":{\"name\":\"FAJARI\",\"phone_number\":\"086678393\",\"address\":\"ASPARAGAS\"},\"note\":\"\"}', NULL, NULL),
(25, 12, NULL, 'ZIQ8124112270', '3', '2024-01-08 21:49:14', '53000.00', 1, 1, '{\"customer\":{\"name\":\"FAJARI\",\"phone_number\":\"086678393\",\"address\":\"ASPARAGAS\"},\"note\":\"\"}', NULL, NULL);

-- --------------------------------------------------------

--
-- Table structure for table `order_items`
--

CREATE TABLE `order_items` (
  `id` bigint(20) NOT NULL,
  `order_id` bigint(20) DEFAULT NULL,
  `product_id` bigint(20) DEFAULT NULL,
  `order_qty` int(10) NOT NULL,
  `order_price` decimal(8,2) DEFAULT NULL
) ENGINE=InnoDB DEFAULT CHARSET=utf8mb4;

--
-- Dumping data for table `order_items`
--

INSERT INTO `order_items` (`id`, `order_id`, `product_id`, `order_qty`, `order_price`) VALUES
(34, 24, 17, 1, '750000.00'),
(35, 25, 23, 1, '50000.00');

-- --------------------------------------------------------

--
-- Table structure for table `payments`
--

CREATE TABLE `payments` (
  `id` bigint(20) NOT NULL,
  `order_id` bigint(20) DEFAULT NULL,
  `payment_price` decimal(8,2) DEFAULT NULL,
  `payment_date` datetime NOT NULL,
  `picture_name` varchar(191) DEFAULT NULL,
  `payment_status` enum('1','2','3') DEFAULT '1',
  `confirmed_date` datetime DEFAULT NULL,
  `payment_data` text DEFAULT NULL
) ENGINE=InnoDB DEFAULT CHARSET=utf8mb4;

--
-- Dumping data for table `payments`
--

INSERT INTO `payments` (`id`, `order_id`, `payment_price`, `payment_date`, `picture_name`, `payment_status`, `confirmed_date`, `payment_data`) VALUES
(9, 19, '69000.00', '2022-07-19 13:45:10', '5.jpeg', '2', NULL, '{\"transfer_to\":\"bank-mandiri\",\"source\":{\"bank\":\"MANDIRI\",\"name\":\"MHD Anwar\",\"number\":\"75674563478\"}}'),
(10, 25, '100000.00', '2024-01-08 21:50:09', 'shock.png', '2', NULL, '{\"transfer_to\":\"mandiri\",\"source\":{\"bank\":\"BRK\",\"name\":\"FAJARI\",\"number\":\"12345678900\"}}');

-- --------------------------------------------------------

--
-- Table structure for table `products`
--

CREATE TABLE `products` (
  `id` bigint(20) NOT NULL,
  `category_id` int(10) DEFAULT NULL,
  `sku` varchar(32) DEFAULT NULL,
  `name` varchar(191) NOT NULL,
  `description` varchar(191) DEFAULT NULL,
  `picture_name` varchar(191) DEFAULT NULL,
  `price` decimal(8,2) NOT NULL,
  `current_discount` decimal(8,2) DEFAULT 0.00,
  `stock` int(10) NOT NULL,
  `product_unit` varchar(32) DEFAULT NULL,
  `is_available` tinyint(1) DEFAULT 1,
  `add_date` datetime DEFAULT NULL
) ENGINE=InnoDB DEFAULT CHARSET=utf8mb4;

--
-- Dumping data for table `products`
--

INSERT INTO `products` (`id`, `category_id`, `sku`, `name`, `description`, `picture_name`, `price`, `current_discount`, `stock`, `product_unit`, `is_available`, `add_date`) VALUES
(16, 11, 'VKSP21661', 'Master Rem RCB', NULL, 'masterrem.png', '950000.00', '0.00', 1, 'unit', 1, '2024-01-07 17:17:41'),
(17, 11, 'SVA72903', 'shock vnd', NULL, 'shokvnd1.png', '750000.00', '0.00', 2, 'unit', 1, '2024-01-08 19:11:43'),
(18, 10, 'LDA33183', 'Lampu Daymaker', NULL, 'daymaker1.png', '350000.00', '0.00', 3, 'unit', 1, '2024-01-08 19:16:23'),
(19, 10, 'LLLA22466', 'Lampu Laser Luminos', NULL, 'luminos.png', '250000.00', '0.00', 2, 'unit', 1, '2024-01-08 19:21:06'),
(20, 10, 'JSA35122', 'Jalu Stang', NULL, 'jalustang.png', '30000.00', '0.00', 5, 'unit', 1, '2024-01-08 19:32:02'),
(21, 11, 'PCP13153', 'Piringan Cakram', NULL, 'piringan.png', '175000.00', '0.00', 3, 'unit', 1, '2024-01-08 19:32:33'),
(22, 11, 'SRP12187', 'Selang Rem', NULL, 'selangrem.png', '100000.00', '0.00', 2, 'unit', 1, '2024-01-08 19:33:07'),
(23, 11, 'CRVP53221', 'Cover Radiator Vario', NULL, 'coverradiator.png', '50000.00', '0.00', 3, 'unit', 1, '2024-01-08 19:33:41');

-- --------------------------------------------------------

--
-- Table structure for table `product_category`
--

CREATE TABLE `product_category` (
  `id` int(10) NOT NULL,
  `name` varchar(191) NOT NULL
) ENGINE=InnoDB DEFAULT CHARSET=utf8mb4;

--
-- Dumping data for table `product_category`
--

INSERT INTO `product_category` (`id`, `name`) VALUES
(10, 'Aksesoris'),
(11, 'part');

-- --------------------------------------------------------

--
-- Table structure for table `reviews`
--

CREATE TABLE `reviews` (
  `id` bigint(20) NOT NULL,
  `user_id` bigint(20) UNSIGNED DEFAULT NULL,
  `order_id` bigint(20) DEFAULT NULL,
  `title` varchar(191) DEFAULT NULL,
  `review_text` mediumtext NOT NULL,
  `review_date` datetime NOT NULL,
  `status` tinyint(1) NOT NULL DEFAULT 1
) ENGINE=InnoDB DEFAULT CHARSET=utf8mb4;

-- --------------------------------------------------------

--
-- Table structure for table `services`
--

CREATE TABLE `services` (
  `id` int(11) NOT NULL,
  `id_category` int(11) DEFAULT NULL,
  `nama_layanan` varchar(50) NOT NULL,
  `nama` varchar(50) NOT NULL,
  `nama_part` varchar(50) NOT NULL,
  `no_hp` varchar(20) NOT NULL,
  `alamat` varchar(100) NOT NULL
) ENGINE=InnoDB DEFAULT CHARSET=utf8mb4;

-- --------------------------------------------------------

--
-- Table structure for table `services_category`
--

CREATE TABLE `services_category` (
  `id` int(11) NOT NULL,
  `name` varchar(50) NOT NULL
) ENGINE=InnoDB DEFAULT CHARSET=utf8mb4;

-- --------------------------------------------------------

--
-- Table structure for table `settings`
--

CREATE TABLE `settings` (
  `id` int(10) NOT NULL,
  `key` varchar(32) NOT NULL,
  `content` text NOT NULL
) ENGINE=InnoDB DEFAULT CHARSET=utf8mb4;

--
-- Dumping data for table `settings`
--

INSERT INTO `settings` (`id`, `key`, `content`) VALUES
(1, 'current_theme_name', 'pet'),
(2, 'store_name', 'FATTAH VARIASI'),
(3, 'store_phone_number', '+62 813-7875-0514'),
(4, 'store_email', 'fattahvariasi@gmail.com'),
(5, 'store_tagline', 'Mau Modif Motor?Di Fattah Variasi Aja'),
(6, 'store_logo', 'logo.png'),
(7, 'max_product_image_size', '20000'),
(8, 'store_description', 'Temukan Part Modifikasi Sesuai Konsep Mu'),
(9, 'store_address', 'Jl.Duku,Marpoyan Damai, Kota Pekanbaru, Riau 28128, Indonesia'),
(10, 'min_shop_to_free_shipping_cost', '100000'),
(11, 'shipping_cost', '3000'),
(12, 'payment_banks', '{\"mandiri\":{\"bank\":\"Mandiri\",\"number\":\"1080016726839\",\"name\":\"Didit Darmadi\"}}');

-- --------------------------------------------------------

--
-- Table structure for table `users`
--

CREATE TABLE `users` (
  `id` bigint(20) UNSIGNED NOT NULL,
  `name` varchar(50) COLLATE utf8mb4_unicode_ci DEFAULT NULL,
  `email` varchar(191) COLLATE utf8mb4_unicode_ci NOT NULL,
  `email_verified_at` timestamp NULL DEFAULT NULL,
  `username` varchar(16) COLLATE utf8mb4_unicode_ci NOT NULL,
  `password` varchar(191) COLLATE utf8mb4_unicode_ci NOT NULL,
  `profile_picture` varchar(128) COLLATE utf8mb4_unicode_ci DEFAULT NULL,
  `role` varchar(32) COLLATE utf8mb4_unicode_ci DEFAULT '0' COMMENT '1 = admin, 2 = customer',
  `register_date` datetime DEFAULT NULL
) ENGINE=InnoDB DEFAULT CHARSET=utf8mb4 COLLATE=utf8mb4_unicode_ci;

--
-- Dumping data for table `users`
--

INSERT INTO `users` (`id`, `name`, `email`, `email_verified_at`, `username`, `password`, `profile_picture`, `role`, `register_date`) VALUES
(1, 'Admin', 'admin@gmail.com', NULL, 'admin', '$2y$10$DkI0oIK4NPfrfXsOYNxZc..8.jSdqnPPMJxSTAZa.Jw5C1pB1wd0y', 'rizki.png', 'admin', NULL),
(12, NULL, 'rizkiiki242@gmail.com', NULL, 'RIZKI', '$2y$10$DkI0oIK4NPfrfXsOYNxZc..8.jSdqnPPMJxSTAZa.Jw5C1pB1wd0y', NULL, 'customer', '2024-01-07 15:15:56'),
(13, NULL, 'rizkiiki2@gmail.com', NULL, 'fajari', '$2y$10$Zz2wVolpghLVC4CyOtaULuCqfcG/nn0hhOELfy7Dz/fJsLZzrsImW', NULL, 'customer', '2024-01-08 19:01:46');

--
-- Indexes for dumped tables
--

--
-- Indexes for table `ci_sessions`
--
ALTER TABLE `ci_sessions`
  ADD KEY `ci_sessions_timestamp` (`timestamp`);

--
-- Indexes for table `contacts`
--
ALTER TABLE `contacts`
  ADD PRIMARY KEY (`id`),
  ADD KEY `FK_contacts_contacts` (`parent_id`);

--
-- Indexes for table `coupons`
--
ALTER TABLE `coupons`
  ADD PRIMARY KEY (`id`);

--
-- Indexes for table `customers`
--
ALTER TABLE `customers`
  ADD PRIMARY KEY (`id`),
  ADD KEY `FK_customers_users` (`user_id`);

--
-- Indexes for table `orders`
--
ALTER TABLE `orders`
  ADD PRIMARY KEY (`id`),
  ADD KEY `FK_orders_users` (`user_id`),
  ADD KEY `FK_orders_coupons` (`coupon_id`);

--
-- Indexes for table `order_items`
--
ALTER TABLE `order_items`
  ADD PRIMARY KEY (`id`),
  ADD KEY `order_id` (`order_id`),
  ADD KEY `product_id` (`product_id`);

--
-- Indexes for table `payments`
--
ALTER TABLE `payments`
  ADD PRIMARY KEY (`id`),
  ADD KEY `order_id` (`order_id`);

--
-- Indexes for table `products`
--
ALTER TABLE `products`
  ADD PRIMARY KEY (`id`),
  ADD KEY `FK_products_product_category` (`category_id`);

--
-- Indexes for table `product_category`
--
ALTER TABLE `product_category`
  ADD PRIMARY KEY (`id`);

--
-- Indexes for table `reviews`
--
ALTER TABLE `reviews`
  ADD PRIMARY KEY (`id`),
  ADD KEY `FK_reviews_users` (`user_id`),
  ADD KEY `FK_reviews_orders` (`order_id`);

--
-- Indexes for table `services`
--
ALTER TABLE `services`
  ADD PRIMARY KEY (`id`),
  ADD KEY `id_category` (`id_category`);

--
-- Indexes for table `services_category`
--
ALTER TABLE `services_category`
  ADD PRIMARY KEY (`id`);

--
-- Indexes for table `settings`
--
ALTER TABLE `settings`
  ADD PRIMARY KEY (`id`) USING BTREE;

--
-- Indexes for table `users`
--
ALTER TABLE `users`
  ADD PRIMARY KEY (`id`) USING BTREE,
  ADD UNIQUE KEY `users_email_unique` (`email`) USING BTREE;

--
-- AUTO_INCREMENT for dumped tables
--

--
-- AUTO_INCREMENT for table `contacts`
--
ALTER TABLE `contacts`
  MODIFY `id` int(10) NOT NULL AUTO_INCREMENT, AUTO_INCREMENT=7;

--
-- AUTO_INCREMENT for table `coupons`
--
ALTER TABLE `coupons`
  MODIFY `id` bigint(20) NOT NULL AUTO_INCREMENT, AUTO_INCREMENT=6;

--
-- AUTO_INCREMENT for table `customers`
--
ALTER TABLE `customers`
  MODIFY `id` bigint(20) NOT NULL AUTO_INCREMENT, AUTO_INCREMENT=13;

--
-- AUTO_INCREMENT for table `orders`
--
ALTER TABLE `orders`
  MODIFY `id` bigint(20) NOT NULL AUTO_INCREMENT, AUTO_INCREMENT=26;

--
-- AUTO_INCREMENT for table `order_items`
--
ALTER TABLE `order_items`
  MODIFY `id` bigint(20) NOT NULL AUTO_INCREMENT, AUTO_INCREMENT=36;

--
-- AUTO_INCREMENT for table `payments`
--
ALTER TABLE `payments`
  MODIFY `id` bigint(20) NOT NULL AUTO_INCREMENT, AUTO_INCREMENT=11;

--
-- AUTO_INCREMENT for table `products`
--
ALTER TABLE `products`
  MODIFY `id` bigint(20) NOT NULL AUTO_INCREMENT, AUTO_INCREMENT=24;

--
-- AUTO_INCREMENT for table `product_category`
--
ALTER TABLE `product_category`
  MODIFY `id` int(10) NOT NULL AUTO_INCREMENT, AUTO_INCREMENT=12;

--
-- AUTO_INCREMENT for table `reviews`
--
ALTER TABLE `reviews`
  MODIFY `id` bigint(20) NOT NULL AUTO_INCREMENT, AUTO_INCREMENT=7;

--
-- AUTO_INCREMENT for table `services`
--
ALTER TABLE `services`
  MODIFY `id` int(11) NOT NULL AUTO_INCREMENT, AUTO_INCREMENT=8;

--
-- AUTO_INCREMENT for table `services_category`
--
ALTER TABLE `services_category`
  MODIFY `id` int(11) NOT NULL AUTO_INCREMENT, AUTO_INCREMENT=4;

--
-- AUTO_INCREMENT for table `settings`
--
ALTER TABLE `settings`
  MODIFY `id` int(10) NOT NULL AUTO_INCREMENT, AUTO_INCREMENT=13;

--
-- AUTO_INCREMENT for table `users`
--
ALTER TABLE `users`
  MODIFY `id` bigint(20) UNSIGNED NOT NULL AUTO_INCREMENT, AUTO_INCREMENT=14;

--
-- Constraints for dumped tables
--

--
-- Constraints for table `contacts`
--
ALTER TABLE `contacts`
  ADD CONSTRAINT `FK_contacts_contacts` FOREIGN KEY (`parent_id`) REFERENCES `contacts` (`id`) ON DELETE CASCADE ON UPDATE NO ACTION;

--
-- Constraints for table `customers`
--
ALTER TABLE `customers`
  ADD CONSTRAINT `FK_customers_users` FOREIGN KEY (`user_id`) REFERENCES `users` (`id`) ON DELETE NO ACTION ON UPDATE CASCADE;

--
-- Constraints for table `orders`
--
ALTER TABLE `orders`
  ADD CONSTRAINT `FK_orders_coupons` FOREIGN KEY (`coupon_id`) REFERENCES `coupons` (`id`) ON DELETE SET NULL ON UPDATE CASCADE,
  ADD CONSTRAINT `FK_orders_users` FOREIGN KEY (`user_id`) REFERENCES `users` (`id`) ON DELETE NO ACTION ON UPDATE CASCADE;

--
-- Constraints for table `order_items`
--
ALTER TABLE `order_items`
  ADD CONSTRAINT `order_items_ibfk_1` FOREIGN KEY (`order_id`) REFERENCES `orders` (`id`) ON DELETE CASCADE ON UPDATE NO ACTION,
  ADD CONSTRAINT `order_items_ibfk_2` FOREIGN KEY (`product_id`) REFERENCES `products` (`id`) ON DELETE CASCADE ON UPDATE NO ACTION;

--
-- Constraints for table `services`
--
ALTER TABLE `services`
  ADD CONSTRAINT `services_ibfk_1` FOREIGN KEY (`id_category`) REFERENCES `services_category` (`id`);
COMMIT;

/*!40101 SET CHARACTER_SET_CLIENT=@OLD_CHARACTER_SET_CLIENT */;
/*!40101 SET CHARACTER_SET_RESULTS=@OLD_CHARACTER_SET_RESULTS */;
/*!40101 SET COLLATION_CONNECTION=@OLD_COLLATION_CONNECTION */;
